{"cameraMode":{"drawMode":0,"name":"Shaded","section":"Shading Mode"},"sceneLighting":false,"audioPlay":false,"sceneViewState":{"showFog":true,"showMaterialUpdate":false,"showSkybox":false,"showFlares":true,"showImageEffects":true,"showParticleSystems":true},"in2DMode":false,"pivot":{"x":11.877167701721192,"y":-10.48373794555664,"z":-10.490169525146485},"rotation":{"x":-0.15352976322174073,"y":-0.8422510623931885,"z":0.30311086773872378,"w":-0.41968443989753725},"size":22.0,"orthographic":false}