{"cameraMode":{"drawMode":0,"name":"Shaded","section":"Shading Mode"},"sceneLighting":false,"audioPlay":false,"sceneViewState":{"showFog":true,"showMaterialUpdate":false,"showSkybox":false,"showFlares":true,"showImageEffects":true,"showParticleSystems":true},"in2DMode":false,"pivot":{"x":5.995972633361816,"y":-6.976848125457764,"z":11.143481254577637},"rotation":{"x":0.28609541058540347,"y":0.2012985348701477,"z":-0.06160720810294151,"w":0.9347931146621704},"size":20.713987350463868,"orthographic":false}