{"cameraMode":{"drawMode":0,"name":"Shaded","section":"Shading Mode"},"sceneLighting":false,"audioPlay":false,"sceneViewState":{"showFog":true,"showMaterialUpdate":false,"showSkybox":false,"showFlares":true,"showImageEffects":true,"showParticleSystems":true},"in2DMode":false,"pivot":{"x":-0.02102401852607727,"y":0.025269746780395509,"z":0.04804888367652893},"rotation":{"x":-0.26049405336380007,"y":0.6715289354324341,"z":-0.2790825366973877,"w":-0.6358252763748169},"size":1.7655889987945557,"orthographic":false}