{"cameraMode":{"drawMode":0,"name":"Shaded","section":"Shading Mode"},"sceneLighting":false,"audioPlay":false,"sceneViewState":{"showFog":true,"showMaterialUpdate":false,"showSkybox":true,"showFlares":true,"showImageEffects":true,"showParticleSystems":true},"in2DMode":false,"pivot":{"x":18.835649490356447,"y":-1.800990104675293,"z":11.422465324401856},"rotation":{"x":-0.15796111524105073,"y":0.8349233865737915,"z":-0.417043000459671,"w":-0.3239937424659729},"size":42.32874298095703,"orthographic":false}