{"cameraMode":{"drawMode":0,"name":"Shaded","section":"Shading Mode"},"sceneLighting":false,"audioPlay":false,"sceneViewState":{"showFog":true,"showMaterialUpdate":false,"showSkybox":false,"showFlares":true,"showImageEffects":true,"showParticleSystems":true},"in2DMode":false,"pivot":{"x":-0.16669070720672608,"y":0.14562082290649415,"z":0.03534767031669617},"rotation":{"x":-0.2115873098373413,"y":0.7432777285575867,"z":-0.28011268377304079,"w":-0.5703259110450745},"size":1.6432204246520997,"orthographic":false}