{"cameraMode":{"drawMode":0,"name":"Shaded","section":"Shading Mode"},"sceneLighting":false,"audioPlay":false,"sceneViewState":{"showFog":true,"showMaterialUpdate":false,"showSkybox":true,"showFlares":true,"showImageEffects":true,"showParticleSystems":true},"in2DMode":false,"pivot":{"x":-9.029655456542969,"y":-6.815287113189697,"z":-46.95970916748047},"rotation":{"x":-0.016737069934606553,"y":0.9794656038284302,"z":-0.11260160058736801,"w":-0.16933447122573853},"size":42.32874298095703,"orthographic":false}