{"cameraMode":{"drawMode":0,"name":"Shaded","section":"Shading Mode"},"sceneLighting":false,"audioPlay":false,"sceneViewState":{"showFog":true,"showMaterialUpdate":false,"showSkybox":false,"showFlares":true,"showImageEffects":true,"showParticleSystems":true},"in2DMode":false,"pivot":{"x":12.739999771118164,"y":0.6000000238418579,"z":-9.914999008178711},"rotation":{"x":0.4195069968700409,"y":-0.21745984256267548,"z":0.10433955490589142,"w":0.8751906752586365},"size":2.8578836917877199,"orthographic":false}