{"cameraMode":{"drawMode":0,"name":"Shaded","section":"Shading Mode"},"sceneLighting":false,"audioPlay":false,"sceneViewState":{"showFog":true,"showMaterialUpdate":false,"showSkybox":true,"showFlares":true,"showImageEffects":true,"showParticleSystems":true},"in2DMode":false,"pivot":{"x":-5.521971702575684,"y":-6.189596176147461,"z":12.466506958007813},"rotation":{"x":-0.1831100434064865,"y":0.4104635715484619,"z":-0.08692802488803864,"w":-0.8896126747131348},"size":62.904537200927737,"orthographic":false}