{"cameraMode":{"drawMode":0,"name":"Shaded","section":"Shading Mode"},"sceneLighting":false,"audioPlay":false,"sceneViewState":{"showFog":true,"showMaterialUpdate":false,"showSkybox":false,"showFlares":true,"showImageEffects":true,"showParticleSystems":true},"in2DMode":false,"pivot":{"x":-0.0006906837224960327,"y":0.21107381582260133,"z":0.002125658094882965},"rotation":{"x":-0.2359175980091095,"y":0.743188738822937,"z":-0.3361806869506836,"w":-0.5291152000427246},"size":0.8840722441673279,"orthographic":false}