{"cameraMode":{"drawMode":0,"name":"Shaded","section":"Shading Mode"},"sceneLighting":false,"audioPlay":false,"sceneViewState":{"showFog":true,"showMaterialUpdate":false,"showSkybox":false,"showFlares":true,"showImageEffects":true,"showParticleSystems":true},"in2DMode":false,"pivot":{"x":1.114087700843811,"y":-0.26657068729400637,"z":0.7971949577331543},"rotation":{"x":0.21278801560401917,"y":0.1968909204006195,"z":-0.04382177069783211,"w":0.9560519456863403},"size":1.3032346963882447,"orthographic":false}