{"cameraMode":{"drawMode":0,"name":"Shaded","section":"Shading Mode"},"sceneLighting":false,"audioPlay":false,"sceneViewState":{"showFog":true,"showMaterialUpdate":false,"showSkybox":true,"showFlares":true,"showImageEffects":true,"showParticleSystems":true},"in2DMode":false,"pivot":{"x":49.16488265991211,"y":-20.89120864868164,"z":1.4445945024490357},"rotation":{"x":0.24704618752002717,"y":0.6251094937324524,"z":-0.2121610939502716,"w":0.710079550743103},"size":42.32874298095703,"orthographic":false}