{"cameraMode":{"drawMode":0,"name":"Shaded","section":"Shading Mode"},"sceneLighting":false,"audioPlay":false,"sceneViewState":{"showFog":true,"showMaterialUpdate":false,"showSkybox":false,"showFlares":true,"showImageEffects":true,"showParticleSystems":true},"in2DMode":false,"pivot":{"x":6.4944939613342289,"y":-1.9808762073516846,"z":2.7225124835968019},"rotation":{"x":0.17697933316230775,"y":0.37721914052963259,"z":-0.07368044555187226,"w":0.9060683846473694},"size":12.660858154296875,"orthographic":false}