{"cameraMode":{"drawMode":0,"name":"Shaded","section":"Shading Mode"},"sceneLighting":true,"audioPlay":false,"sceneViewState":{"showFog":true,"showMaterialUpdate":false,"showSkybox":true,"showFlares":true,"showImageEffects":true,"showParticleSystems":true},"in2DMode":false,"pivot":{"x":11.038777351379395,"y":1.106703519821167,"z":-7.962915897369385},"rotation":{"x":0.07844067364931107,"y":-0.7747371196746826,"z":0.09818863123655319,"w":0.6197673678398132},"size":2.7435801029205324,"orthographic":false}