{"cameraMode":{"drawMode":0,"name":"Shaded","section":"Shading Mode"},"sceneLighting":false,"audioPlay":false,"sceneViewState":{"showFog":true,"showMaterialUpdate":false,"showSkybox":true,"showFlares":true,"showImageEffects":true,"showParticleSystems":true},"in2DMode":false,"pivot":{"x":25.60524559020996,"y":-22.954524993896486,"z":11.268353462219239},"rotation":{"x":-0.312622606754303,"y":-0.4714301526546478,"z":0.18024702370166779,"w":-0.8052999973297119},"size":42.32874298095703,"orthographic":false}