{"cameraMode":{"drawMode":0,"name":"Shaded","section":"Shading Mode"},"sceneLighting":false,"audioPlay":false,"sceneViewState":{"showFog":true,"showMaterialUpdate":false,"showSkybox":false,"showFlares":true,"showImageEffects":true,"showParticleSystems":true},"in2DMode":false,"pivot":{"x":-0.002758203074336052,"y":0.12439754605293274,"z":0.000016208738088607788},"rotation":{"x":-0.2359175980091095,"y":0.743188738822937,"z":-0.3361806869506836,"w":-0.5291152000427246},"size":0.42046448588371279,"orthographic":false}