{"cameraMode":{"drawMode":0,"name":"Shaded","section":"Shading Mode"},"sceneLighting":false,"audioPlay":false,"sceneViewState":{"showFog":true,"showMaterialUpdate":false,"showSkybox":false,"showFlares":true,"showImageEffects":true,"showParticleSystems":true},"in2DMode":false,"pivot":{"x":-0.01657906174659729,"y":0.12033180147409439,"z":-1.4901161193847657e-8},"rotation":{"x":-0.2359175980091095,"y":0.743188738822937,"z":-0.3361806869506836,"w":-0.5291152000427246},"size":1.034313440322876,"orthographic":false}