{"cameraMode":{"drawMode":0,"name":"Shaded","section":"Shading Mode"},"sceneLighting":false,"audioPlay":false,"sceneViewState":{"showFog":true,"showMaterialUpdate":false,"showSkybox":false,"showFlares":true,"showImageEffects":true,"showParticleSystems":true},"in2DMode":false,"pivot":{"x":-0.08097287267446518,"y":-0.03319671005010605,"z":0.17996056377887727},"rotation":{"x":-0.015370597131550312,"y":0.9767017364501953,"z":-0.20053070783615113,"w":-0.07486378401517868},"size":1.3032346963882447,"orthographic":true}